family	system	status	corpus_id_or_repo	head_sha	license	size_kb	mechanism_dirs	note
compiler/IR	LLVM	ALREADY_ADMITTED	llvm-project	0bd330675f9eb08126e467505a0800f167084473 (pinned)	Apache-2.0 WITH LLVM-exception		llvm/lib/CodeGen, llvm/lib/Target	corpus id llvm-project, APPROVED_COMPILER_BINARY_LANE, COARSE_CENSUSED
compiler/IR	MLIR	ALREADY_ADMITTED	mlir (subtree of llvm-project)	4790b21292d10b2cab1037ebef100e7f595e4209 (pinned)	Apache-2.0 WITH LLVM-exception		mlir/ (verified present in staged llvm-project tree)	DUPLICATE: mlir and llvm-project are the same repo pinned at two different commits; consider one pin
compiler/IR	Cranelift	ALREADY_ADMITTED	wasmtime (cranelift/ subdir)	7ad2e732ab9ca8665d3cdd91f9c395315eeafc81 (pinned)	Apache-2.0 WITH LLVM-exception		cranelift/codegen, cranelift/frontend (cranelift/ verified in staged tree)	mechanism lives inside wasmtime; regalloc2 also admitted separately; duumbi studies cranelift lowering
compiler/IR	QBE	MISSING	c9x.me/git/qbe.git (GitHub mirror omenos/mirror-qbe at parity)	e786f06032fefa2e3790d6b1c9e31ed138f475a6	MIT	1807 (mirror)	whole repo: parse.c, ssa.c, rega.c, emit/isel under amd64/ arm64/ rv64/ [dirs unverified]	official upstream is c9x.me (no GitHub org); mirror HEAD == upstream HEAD, verified via ls-remote; LICENSE fetched = MIT
compiler/IR	WebAssembly spec/runtimes	ALREADY_ADMITTED	wasm-spec; wasmtime; wasm-tools; wasm-component-model	see corpus	MULTIPLE / Apache-2.0		interpreter/, document/core (wasm-spec)	fully covered by four admitted ids
front-end	tree-sitter	ALREADY_ADMITTED	tree-sitter	see corpus	MIT		lib/src	admitted
front-end	rust-analyzer	ALREADY_ADMITTED	rust-analyzer	see corpus	MIT OR Apache-2.0		crates/hir, crates/ide	admitted; salsa also admitted
formal	Z3	MISSING	Z3Prover/z3	17cb5863c61fd30bde8af3b4c6c8175d6041a644	MIT	197470	src/sat, src/smt, src/api (Z3_solver_push/pop, check -> sat/unsat/unknown) [dirs unverified]	GitHub reports NOASSERTION; LICENSE.txt fetched = MIT. verus/kani consume SMT/SAT solvers but no solver source in corpus
formal	cvc5	MISSING	cvc5/cvc5	02594aba46d28c583d16f8f03a972a64a36742e9	BSD-3-Clause	149349	src/prop, src/theory, src/smt, src/api/cpp [dirs unverified]	GitHub NOASSERTION; COPYING = BSD for cvc5 source; optional GPL deps (CLN/GLPK) off by default, so avoid those configs
formal	Lean 4	MISSING	leanprover/lean4	1a63affc1b788fa3b9823ef3ee9805f03501e9b8	Apache-2.0	6886833	src/kernel (type checker), src/Lean/Meta [dirs unverified]	repo is ~6.9 GB with history: use sparse checkout for src/kernel only
formal	Rocq/Coq	MISSING	rocq-prover/rocq	295beaf5197294e24862e42adfc651ef40b7a472	LGPL-2.1	216770	kernel/ [dirs unverified]	LGPL: principles only under Atlas policy
formal	TLA+ tools	MISSING	tlaplus/tlaplus	4260e471245fce04ad5610bae7125bdc9ef7eec6	MIT	154597	tlatools/org.lamport.tlatools/src/tlc2 (TLC model checker) [dirs unverified]	
formal	Apalache	MISSING	apalache-mc/apalache	1371658a2c7377b43882b82764ea7720ec689e21	Apache-2.0	72025	tla-bmcmt/ (symbolic model checking to SMT) [dirs unverified]	depends on Z3; redundant if Z3 + TLA+ are admitted
construction	Nix	MISSING	NixOS/nix	8f7ed1c1d1246bfa98cefd152c87d1ea26a3d463	LGPL-2.1	138512	src/libstore (derivations, store paths), src/libexpr [dirs unverified]	LGPL: principles only; the hermetic input-addressed derivation model is still study-worthy
construction	Bazel	OVERLAPPING	bazelbuild/bazel (overlaps admitted buck2)	4e1c9b4dd5c54599bf70e73797f659d15d614192	Apache-2.0	1023404	src/main/java/com/google/devtools/build/lib/actions (ActionKeyCache, digest), lib/remote [dirs unverified]	buck2 already covers action graph, target identity, and RE-API action digests; bazel is ~1 GB, so admit only the actions/ + remote/ subtree if needed
construction	Buck2	ALREADY_ADMITTED	buck2	78ec517305d8214d6160f6c99b1d0a3554879878 (pinned)	MIT OR Apache-2.0		app/buck2_execute, dice/	admitted, ABSORB_LATER
construction	Git	MISSING	git/git	0f8e75abebff0877cae681a3d5ff31ac47f54220	GPL-2.0-only	319505	object-file.c, object.c, tree.c, pack-*.c [dirs unverified]	GitHub NOASSERTION; COPYING = GPLv2, so principles only. Tree is staged unadmitted in .atlas/temporary/donors/git (no corpus row or provenance json). blake3 covers content addressing
sandbox	Firecracker	MISSING	firecracker-microvm/firecracker	8ff4940e6a723c541331e74c92cc2caeb26b6e31	Apache-2.0	42333	src/vmm, src/vmm/src/devices/virtio, resources/seccomp [dirs unverified]	
sandbox	Linux namespaces/seccomp	OVERLAPPING	podman (admitted: sandboxing, rootless_isolation)	see corpus	Apache-2.0		n/a	podman covers this at a high level; a compact reference (nsjail) is missing
sandbox	nsjail (compact ns/seccomp ref)	MISSING	google/nsjail	f100fd917c6d3ed0fd15d868528b735cb5fb1a1a	Apache-2.0	2023	whole repo: subproc.cc, ns*.cc, sandbox.cc (seccomp via kafel), cgroup*.cc [dirs unverified]	recommended compact reference
sandbox	bubblewrap (alt)	MISSING	containers/bubblewrap	f8e1e5077eb8613ca559bac0d422282a910015d6	LGPL-2.0-or-later	981	bubblewrap.c [dirs unverified]	GitHub NOASSERTION; COPYING = LGPL, so principles only; prefer nsjail
sandbox	Wasmtime/WASI	ALREADY_ADMITTED	wasmtime (crates/wasi*)	see corpus	Apache-2.0 WITH LLVM-exception		crates/wasi, crates/wasi-io (verified in staged tree)	admitted
provenance	in-toto	MISSING	in-toto/in-toto	e352b43ad7cb8915d84c36d791aa61346152a0a3	Apache-2.0	3326	in_toto/models (layout, link), in_toto/verifylib.py [dirs unverified]	GitHub NOASSERTION; LICENSE fetched = Apache-2.0; default branch is develop
provenance	in-toto attestation	MISSING	in-toto/attestation	fd2609c16bcb0ac53443e2b4612977f997e8f9a5	Apache-2.0	2520	spec/v1 (Statement, ResourceDescriptor, predicates), protos/ [dirs unverified]	GitHub NOASSERTION; LICENSE = Apache-2.0
provenance	in-toto-rs (smallest impl)	MISSING	in-toto/in-toto-rs	48e57fd04624d30d081fae1dddf56caaa4a5b81e	MIT	508	src/models, src/verify.rs [dirs unverified]	smallest in-toto implementation, and it is Rust
provenance	SLSA	MISSING	slsa-framework/slsa	618f5b2192aad8417a8ee8ccb9e3f27d05c0e9b6	Community-Spec-1.0	18864	docs/spec/ (provenance predicate, build levels) [dirs unverified]	spec licence, not a code licence: study and attribution OK; GitHub reports NOASSERTION
provenance	Sigstore	OVERLAPPING	containers-image (admitted; signature/sigstore + rekor_set verified)	see corpus	Apache-2.0		signature/sigstore, signature/internal/rekor_set.go	verifier side already present in the admitted containers-image; transparency-log server (rekor) is missing
provenance	Sigstore rekor	MISSING	sigstore/rekor	b49786ad97f6fa7ebcf373f51fb4fac1f112fc1c	Apache-2.0	18205	pkg/types, pkg/pki, pkg/verify (inclusion proofs) [dirs unverified]	only needed for a transparency log
provenance	sigstore-rs	MISSING	sigstore/sigstore-rs	038e36aefac21dd4ae608cda33736a494250fd1f	Apache-2.0	2059	src/cosign, src/bundle, src/rekor [dirs unverified]	compact Rust client
observability	OpenTelemetry spec	MISSING	open-telemetry/opentelemetry-specification	cac5b81ebcfdecb272bb4e2d31f885b7142207d9	Apache-2.0	21370	specification/trace, specification/logs, specification/common [dirs unverified]	legacy Chronica tools/repo/donors.manifest lists opentelemetry-collector, which is not in the Atlas corpus
observability	opentelemetry-rust	MISSING	open-telemetry/opentelemetry-rust	844df52c4cff4d462bf013a0ceb0692d538ca6f6	Apache-2.0	11059	opentelemetry/src/trace, opentelemetry-sdk/src/trace [dirs unverified]	
probabilistic	Stan	MISSING	stan-dev/stan	a5c457d260645b2b12a291839f7b2b7b3a31adc4	BSD-3-Clause	284872	src/stan/mcmc/hmc/nuts, src/stan/model, src/stan/services [dirs unverified]	default branch develop; the AD engine is in stan-dev/math
probabilistic	Stan Math (dep)	MISSING	stan-dev/math	4105b294b6357e1e2a52eea8781077e90946c935	BSD-3-Clause	761462	stan/math/rev/core (reverse-mode AD) [dirs unverified]	large; only needed for AD
probabilistic	Pyro	MISSING	pyro-ppl/pyro	ae65fa4b3dc0eaa243c1a5c29f0710e667c68ece	Apache-2.0	96893	pyro/poutine (effect handlers), pyro/infer [dirs unverified]	default branch dev; overlaps NumPyro
probabilistic	NumPyro	MISSING	pyro-ppl/numpyro	5064a3cc3f1547983e21944a3a63f7a602e0e505	Apache-2.0	118802	numpyro/handlers.py, numpyro/infer/hmc.py [dirs unverified]	DUPLICATE of Pyro at the mechanism level (same effect-handler design); pick one
probabilistic	BoTorch	MISSING	meta-pytorch/botorch (moved from pytorch/botorch)	a1b1ad847b8c93e6a938f742ab0c71f936736111	MIT	146939	botorch/acquisition, botorch/models (GP), botorch/optim [dirs unverified]	repo moved to meta-pytorch; old URL redirects
probabilistic	Ax	MISSING	facebook/Ax	57efa05aefce2a93d4d93227a4acbe2da0150aed	MIT	815025	ax/core (Experiment, Trial, Arm), ax/modelbridge, ax/service [dirs unverified]	815 MB repo; sits on BoTorch; the experiment/trial ledger is the unique part
probabilistic	pymoo	MISSING	anyoptimization/pymoo	23110c155aa8f31b5f1b86928227fb3931ba7f00	Apache-2.0	20176	pymoo/algorithms/moo (NSGA2/3), pymoo/core [dirs unverified]	
probabilistic	DEAP	MISSING	DEAP/deap	8a96fd3a75026f7b30e835f595a5199c75634ddf	LGPL-3.0	11058	deap/base.py, deap/tools, deap/algorithms.py [dirs unverified]	LGPL: principles only; mostly redundant with pymoo
probabilistic	pyribs (QD)	MISSING	icaros-usc/pyribs	7bd723cf9863d480c8f2fec5ba9aa36f3b68c083	MIT	84500	ribs/archives, ribs/emitters, ribs/schedulers [dirs unverified]	
causal	DoWhy	MISSING	py-why/dowhy	cc23521127ba21ade40514539ae7b91db27ca54a	MIT	1208103	dowhy/causal_identifier, dowhy/causal_refuters, dowhy/gcm [dirs unverified]	1.2 GB repo (notebooks/history): sparse checkout
causal	causal-learn	MISSING	py-why/causal-learn	0dacacf36390e3084704636bc3c36e82e35ee0cc	MIT	28480	causallearn/search (PC/FCI/GES), causallearn/utils/cit.py [dirs unverified]	lives at py-why/causal-learn (bd2kccd path not used)
multi-agent	MiroFish	MISSING	666ghj/MiroFish	39d849138ef254f6c737ab4c4705e5545dbe31d4	AGPL-3.0	16802	backend/ (simulation and graph-memory services) [dirs unverified]	EXISTS, 74.4k stars, Python. AGPL: principles only. Listed UNRESOLVED in legacy tools/repo/donors.manifest; mirofish/* code was earlier removed from legacy chronica-execution-state (opportunities.json)
multi-agent	BettaFish	MISSING	666ghj/BettaFish	c4ca6360489b53c38d3d41d213a67b50d2fcb883	GPL-2.0	192617	QueryEngine/, MediaEngine/, InsightEngine/, ForumEngine/, ReportEngine/ [dirs unverified]	EXISTS, 42.3k stars, Python, same author as MiroFish. GPL: principles only. Public-opinion / sentiment multi-agent app, not a foundational primitive
robotics	ROS 2 rclcpp	MISSING	ros2/rclcpp	29de98cf1bc2e736ec1a5f7ad4c74e98c3fd3b17	Apache-2.0	10462	rclcpp/src/rclcpp/executors, node_interfaces [dirs unverified]	default branch rolling
robotics	ros2_control	MISSING	ros-controls/ros2_control	b0c14b5edca8d17fc2996be1909815e8fcb587c6	Apache-2.0	16879	hardware_interface/, controller_manager/ [dirs unverified]	
robotics	Drake	MISSING	RobotLocomotion/drake	324b479a1421a77f46e48745892dfa23f5bdc6c1	BSD-3-Clause	424726	systems/framework, multibody/tree, solvers/ [dirs unverified]	GitHub NOASSERTION; LICENSE.TXT = BSD-3-Clause
robotics	Pinocchio	MISSING	stack-of-tasks/pinocchio	6d53a7bede3f70c8bb949aefde7ba9c6ef01d472	BSD-2-Clause	43075	include/pinocchio/algorithm (RNEA/ABA/CRBA) [dirs unverified]	default branch devel
robotics	MuJoCo	MISSING	google-deepmind/mujoco	c0d845b93c463993eeb7abe1547b45c89dac6f10	Apache-2.0	143485	src/engine [dirs unverified]	
robotics	Gazebo gz-sim	MISSING	gazebosim/gz-sim	ec2a672be4249d5bafe25b0285e88ef3bbdff689	Apache-2.0	247393	src/ (ECS: EntityComponentManager, SimulationRunner), src/systems [dirs unverified]	
robotics	MoveIt 2	MISSING	moveit/moveit2	b222baf2272980e758b90727fa90177d556fb5fa	BSD-3-Clause	95116	moveit_core/planning_scene, moveit_core/robot_state [dirs unverified]	
robotics	PX4	MISSING	PX4/PX4-Autopilot	86716507be65ac348645d35dd483dda1ff92144e	BSD-3-Clause	584511	src/modules (ekf2, commander), msg/ (uORB) [dirs unverified]	
robotics	ArduPilot	MISSING	ArduPilot/ardupilot	4965c4e84a7f5cb48a437ad20ba2c967b034ac0d	GPL-3.0	665189	libraries/AP_NavEKF3, ArduCopter/ [dirs unverified]	GPL: principles only; redundant with PX4 (BSD)
robotics	Zephyr	MISSING	zephyrproject-rtos/zephyr	0f7aa710fefee49da5406b5fb4ad599c56822ae1	Apache-2.0	964450	kernel/ (sched, thread, timeout) [dirs unverified]	960 MB repo: sparse checkout of kernel/
