old	new
3e39442bea061bf6ab39470fe290baba8c539a2b	56f66c7b715f6407fe49dead90cc14168243104d
7988671a76cdba00ba7e2a89a5a5c1695aebfa18	dcb28e1e1b1c9f0280a7937813665b5363987ad8
4280a538bdfe6afe6c657c85f66ee044cd9e695d	88c3794abbf1393c3f8c987921b0debe5640d5cf
9ca55adc2316e94b924d872f7a995560e675b06a	8f9c694ef60e2e7b8f5867551ec5951f14b841e3
890f1798e51fefb2864c0b6d39cbb0ddf568d69f	f4db1ab9a8ae366224510a485d2a7cdeffc50b2e
a629e8556359cf97d24b73b29d680f3e250835d1	f8294db1e205fbf0d66ed582e5b3769dd3acf39f
4d821dc5d8c34fb9aa9ed831c2ae1ce0b808e397	03da49fdc8c38e6ada8ca91a718f632d9acf6e4c
218a8cb5181a8b00cfc856f407bc9c5c749ebf6c	0ee365df2c34ea07df7d91f1a56f841ce833e45b
66c6e00f9aeb7f033a3e25d3c970d53a1dc7d78f	789c8fe36137dfc69384f086afbafad817e3ef6e
429a67ea6c80b08a17cddc0794af9463c1b3022b	d26d1a8abcd798a248fceb873258bf10188a0a67
cbc46d9edb650afd05ecf0b7a95e6883b3ce26c9	b249d834ee4b39d37b2bdc60b073899a9cfe9bfa
7caee51c23b6545363dd0c70e38aff9b90908e19	9dc5f140ced467fc63f574bdc1447a8f5b9f7678
f7571c3a258175f78922f0d01eb17329080e33a8	aa32c6dfc7a0cae6bc57c1c216caa5ce40d830cd
7a9b949c8595f4046b35630140a02c7610e6d352	981a02711169fbe4568712f398d988b2111ace29
c32febcaee90af58b789c0340bd65d09098d8ae7	764cf6ad0935ff48b5cf0d292dce2c45a08c5a1e
c43f80f9e8239fe32c39ff1188d31308f0934a4e	e4b6df4a9f4eeede74d44d65be0dcbb1a7936335
49d35ec0290cb93db297423d7984e74dbc0ce242	5f3e85abff9e4fc1c60eb99c985d37ca12a44d01
c98367ea1a5210d642f7ffe14d4fe623aacbc65e	9faafacb31bf09a0a3177019bffc28a403cc4ef2
1a2c6a6adfb8cc8c45eee44f548c01cff160edcf	d94d613d8a7fe5f61bf7a8dc454299fb93937880
0f41606da756126e87c82560cbeecda37d4e052f	7e49b5fab4e24692ebe6d1507ce8a7f1af06f935
96d8dcd0067f694f619e7ac3df31972084176284	d3bca9849402590b929846bfbb2c9e2873e4ede2
6baaf98b88c68bbb5a48f5ef14ffa86f5c685f5b	039320cd2f340ae29bafcedeebd243d9199613e6
bdff92802b86968aa912cbf6ffaddaf4cb1fa063	b1649e3b762b5ebf1b802631d33bc4e65de765c6
49769fb0e0fe6701f838583737a13559823aa0ae	894b702fa79d19cf70070080296d3fea0d5b92f2
ab9b4ea00ab44e08a69a54e8f40cbc623f2e3c36	5258eb5e2a02c96106e270e55a3c499ad41cbd46
ca4ad695e47ba425721adfbaee748e3f7571c76a	523df82e5cb3ac77853835f63ad718976e7c8ed5
9a8a0ba1fbf39c21ad0cdd472c81fc53daddf4cc	93768b74d15167ace5ca0f2edd88f547edd34a80
fddc7bd5ff17dce0648772068df9632450c0ffb5	66ffaefbecd0f508e74a3db9c30dc68063014e51
0ae22a419fe72c8995484a568d9a00e98cca45b4	bf7c8668e155b223a45c09c32ae2db680e1dba65
92277206dee34413458da556073e8fcb83a23744	7e811352b582ad7d0cade03cf95e682c2c4234d2
47103bf259560f04c8881e983f54c1ce9c386a48	cfd733e5024fae445ac655974b829a5e3bc5068c
b8bc60efaa5114c7e4ea428095c31dd715d8e3e8	7f9d4f0ab13c6d6bd02045164d4885a863079633
c49f387bf5dc0fee4ea9855c61593537ef2f5dc2	6773c6e57c3ad2fe3764628d61a54bbffc2e8db0
e1ac4ce096c200e2c138e50c6e49360cfcdbff61	5e769e549a1d9e14ca53fbb8a97d59d58214da42
995654054cab9ffbbc0a8d232cea11ddee277d18	35f3a6a72638faf1547b193c64d606b663fa72f4
e882c801395b8d044771be172322d8f0d1b3a7a1	126f505f680808abb6167495f10d944ac4d2728b
383e9b9ce245a4b944a8dc2e22f6947dbe04d3cd	34f2cd8b072e23257ae07416f7178cff265746ae
71be51a966935c9033aee52d4ddb35a73e0244ed	3c359f306b7fafdb9e95fda4750b6cc2eb12e79d
8768e536ecadd5975ff6fbbfd79c9aed51715bd3	f534cf2049c8242ad42bf4b98c49f723caceb5d9
954a6e121b61445739e5e2ab25e610c6931f99c4	57fc9c7bcb1f9015159c39e3fbc73fa0ba8d1abe
56e0d77ec962d89c1ea505bbef382fa5fd4d1680	148eb67b8d1909eb7c0f2ee606c2504a3f122cd0
65fa9407dd6792d8435204b8cef1fdf4e03d9127	1b083b6059d6e256dac2c68d7128c73353a9b197
9a3d075bcf686a0dff115aedf0ce8aaf3fe16886	883da3c12756a4c2c39104897dd41ba6895bd6f5
193f77032aed8d0f188251a2d60fee0a068ffb66	8784ddd7d0178029f0ed5f67e6125fcdb7fefa06
eebff0c5cc9753abaa2cf72933e52e4558a83ad0	24900a3bd416622d64bd5602aa8e6ad56b1efb68
e87102bbf4714b500b7991d8c68106d0ef192113	389e3786435488278b2a6eebeda1b8e83b7da66a
591828982d4beb2e64f144cd203c4beb4820563a	e36bd90cf423edfc3b0d18fa8f1274be2581cc62
1b049d10c658171a25e027e0c081236357540e35	07686be8b07ab365756f9cce0ef225f77105071f
f9e6c4fd4a7ecf99ce20389fd2f39fcab00294a3	f70d7f7163adfe1249a611baba35f975b123073b
5db3d8f5259a3c12b0a694219caf12889cd2f8e0	eb7cd906c6010952aa6ac36f2f7065c83e59e9a1
7c807d3d9f58f8824c8b14614e91783b951f7528	66dc681de2e63a133d4873565c9cd980ad946c14
4a96805106d01624b41d4433aafb95f608a1d1a4	2f43ce60d2eab675ef237f6ec85dbe8df128de26
0dc6e2f52290a6a9b695fa18c764575caff24029	9649c7423522a4767c9eb224eb3704f940a1012b
e7642b60ffd10d236007c2ee1dc0cc64c3707767	84e6ac57aba9171c54ae094128b692ff063b9473
dab164124b78926ca1333ba5333d588ad7872d4f	eaf5f344d75133ba27be71dd5560281e75bbde72
02a596f9975025e93e66ccb5a161176d9cad6dba	7bf25737fac54ba8a77f9550eca6aeab44e1cf82
aeaa6cb08170915ce99063b41fa5e07219c12112	82307021ac2be1fc100843afd32eb82ed10d3158
9ad89bc5de85b9b6b720c0c8cbbe6d835cf7531e	41012056337b94164e6593ed09abc9c42712e2be
a314400db1789ce7ef8bc8b233b5de39e84043db	8c2cca4c13ac59233c4d42fd8e7f5bda8beb87b5
fcde89a8ffb56c94b87a88afe7fed7ef89a27336	7d32693b4e2116cb3720a0fb0292c785c6144775
4e3d87e8b4893dea86579c080a8a9186529485a4	06a0d4c8009b1d20e04c83c04c17915166f09e30
8ec6fee2475b478c2641da9c64cf857e521f9e22	68f1925099e5caf70ef61d8a6cb2c150a60d0560
de76937518503167772b1c7604f09fbc35ef72bd	e68067e4528a35a0f19cdc98d17e8d034bf49849
fb64c69fb3cc25da70b78b330f00aa8fde40ac9f	4faf31f5bc292e1349e0eb773f363b747c2714f3
01a25d366cd4dfcf9067705cd4991d98b7b87c63	b136f6f4c1309f85d05680e36f346532e5b475d3
e86f0de787ad4de9be8464ce7a0d58f6f9c13d05	f731ec39756fe3b104dbdbe051f718745604384f
f0dffb202a7143b586f7a8539284c3d4bde3c374	e87c6866f0c785f2a7e9cb9ccd3187cde60cce56
21373331acde442affba53cf07b72e402dbbd46d	c10854ed5492e4b0dd99f872115057654f624ea5
331ea19f58605afed70b84fab6252ce96331aa02	7db791b8100c8e790d606d96d46f5dd70c2d191e
1caf66348294c28e57297a8845194284374c3a76	1f083f1eac8edb65cc787f2e225ab3f339fc4582
f757cdbfbc20631c91b4356b5205665ddb6cea50	f6ac564908ac8eee0ae6afb52bee2b615f05d79c
de16e4bfb94f7ebec2a7b5c398a144442a8b734c	2e333dad5de3df9ca50995b442da000e482a037e
86ad50f0d6613c9d72eafd610187b625943c5590	a492fa6769d28896e519190b3e653c607b1fbe02
fc4128c66b25891a322f0636a743399004a1cebc	9cf16bfad7ea87764c3d9d2c2c8037d233bb603b
9a90e65e4d997307ec0da9605cd675792506b1b3	8ffabb5aa8f8862d6cedc2ba2d3277806015e331
76bac0c6b839eaf955b9df5df5c36c83f999e0bd	b11bf5500daf3b418b710fbaf16ff28ff9c4c4bf
fade2104ad08fde2e4d8af718ff41b198768da43	4736109f861c48f28682658755875c1bc38f14ac
8134a133cac3572f15636a5ad53672e49277fa55	bfcd0e5a5fec083dbd49a8e28c15c6465641c59e
25103a1426cbfda34acfd8fe5526ad1075a72c39	5ea71b33bae43cd04c405874df026013d08e59cb
bc08ea770588a45f8fcd0937a339fb4d963dd095	272b0a2d8f2a29e437750070633a1e0b145a808f
cbddfc1b07dfa944348c22a2853d2c14e610a2d3	07b98395cc0ec6097991c5b9b3d8229800e1dfec
e6c988d29180854ec03d3ddc0df1a5ebeb4ff39c	1fb618a2b41f05a6899861b3068a6016fbcd930c
ad17be2d81b26eae7fe66fb08be59a9493458a9c	c60958b039e1560c34583523f3a05bf9018bfa26
2d5718304ec978784064a8f8b2fdfae034dc9d32	f24b4a812965747c18778747c1a823eb66acb57c
be73a970972ddd4c55006433d1ae36bbe8a842c5	555878ccf80e3384c9d203be082968463c77411d
5fb0184aa39d68370084783b93764801096429f6	37565f3f20001ae9636de40f33f4e8e0610399d0
5834fa9138cc41f43b534300411d9b19c1ad4721	ca167f99b86614f75bdc640ae177f57f50d829cf
d0245b3de279c3808f7ee6189ba9cc1b1797be46	8e345c43e5d83b6a8b424686f1ec7628b0d2d20c
63069651a66df096e4c7e00fe03b74c8d38d4a7b	ed263e94569c80795047fa4e05759a6c84cd7e20
09970a2589c3ec1bd897bb50360ea14a672a5585	c0cec18e06531a0c1c2c341737e4b8888752ac13
d86a3e3a0eef815285bcb90e8f129a13f6fcd8d3	89c88f71376f5c729241ed401e61110cf850b4c1
5344297980ea47dad4f091a51a9e169b90dfa129	5fe9eb89998c694ef9d69148a0ca936169b2b1ed
3b74dd020b53d610930dc0c275ba5189da990d24	f6480a57952049ca188fd50d6bd3edd83058d75c
d8eb84d81be0bb7eb2f2026b3ed946f722727304	84be42af6bb34e8a6d8b4c34fa21794cb6e36fca
da2a3c280a7a85cab89cb02aa3796a89c1301f66	3fbe5be7e4660b28ab5221ebcccc9310acc31c0c
83d01dd11edfaaade79d53f8cb7ade4344006dd5	80e43b367654dff8898a0be9633669b6ad639b73
94e28c7baa8a719403a3bf4c4e3074bea30f02bb	4ebdea11f1a7ea62ecd6f4a4f5c2000b377bab1a
f3bea0377c63f8e5e05214759564df82a329f52f	18cbfea45ec80d219ca27778bd5cbbc37fd884a6
259d4786c037704c5b9622a7efd1bc2a75e1b0aa	34ced091a4221ed8eca06298c89e34af6b0f0a7e
70f233fcf9c47fda3ff9465f70095a7736a753f2	46e1997d775f1036098a8d9d2f8355f6af5eb562
cdbaf86367edb72f02c3341caaf8cd50329b6129	64e3deef92f636521a7b2ab96e36f51c4ab421f7
f5fdbc96652605d527ab2e8183905175cd46c8ab	b483a5766915575d84d5cddfa6592251ca678ce2
1c20fad11004cd7f5c1445cab2eebb31e54bd658	66eb1f5ccc46465cd337db0dd30f210b364a1876
40cabe7677713eeb5daea208e9883a5b0f206ac0	63af668aebf550132517812297f5148434ff6364
a8c5229df35b80db852381dcb9d6a14019d1c89f	7975ee0625500a36e4095b8d2a122742d1f52f06
4f1dea0b42b2cc2eb1a89247c30dbe2565a90469	f32ac1280badddec30bddd60324ac337d8179759
62f7eb9ce340c0030dfce6bb4c669aeb4430f77c	04ad242f87c86a4ee64f4b4861b16f26e0e70229
a03222c241deb255106ac0944af18f6d91ce20c6	93c766f074c5f845a549f233a2fcad9aef0e7556
558f2a2abdcd4fab08ca35e81f236e00687aee67	44bbc4dfb624a31a8488727e659d48017baa40c2
934c363651f1594cb86155854ec90715ea83fc43	88269fb285a072ca7c7c683192d3a6c5ae1d1237
eba9b3349a64e0703fa581d21431f5ae98bd1360	a3ad4a9c256ece593106f0f2e947c6e10770ee84
62a0d38dce210007372251286d8a0b4a1588228c	c2c6cd6b13ce2789e2d79f74b12e0e4fe7c81a0a
a06997a8280d410163b46c3e556a1db515f80f0c	ed32c65a5cdcda10ba8371200179a58039d6df98
57dccfcfa8647bb64d4bfa1c2ad382ed769273f7	f5f4f6725e3d9c8beb3a32c5bc953634eb4d778f
a3c43be9bd3f0e7a42de3b59cf94c16277132034	335794de9798d3f7fc8f3779d1b9b6efd5616f70
945c3e9b9e76c9b766fdcbdbb8f571bd868bcb8c	131088b9ebb61e2857915c648b37331663d9864d
12aa78d2b34cc8806513d41bfd63af1ada7e035c	63db3b07ad5fdab84354351cbd92357d06b2d714
bf9632a05062e80f76d4a6c9bb5b69498348ad7e	d8832b1dd5dc852022c7b21824c7175b8c023906
30f64b0616f73f77490d369167bbbcb20e0b206c	53e334c6cb289d6c4b98dde7fc9146becbd2e1fb
97dc5e4783ec74a6bed7867a869e3819ee9cc570	5911d3840ba4728b4161c021641073f0b8bdec78
6cfca9722c7171a930743d19e7da53ee8e0c8f65	068d867bf3a943aca5af42a12e6791e1b0c0bf72
