web2app_browser	stagehand	browserbase/stagehand
web2app_browser	crawlee	apify/crawlee
web2app_browser	browser-use	browser-use/browser-use
web2app_browser	browsergym	ServiceNow/BrowserGym
web2app_browser	skyvern	Skyvern-AI/skyvern
customerops_crm	frappe-crm	frappe/crm
customerops_crm	espocrm	espocrm/espocrm
customerops_crm	suitecrm-core	SuiteCRM/SuiteCRM-Core
customerops_crm	nocobase	nocobase/nocobase
customerops_crm	corteza	cortezaproject/corteza
customerops_crm	directus	directus/directus
customerops_crm	baserow	baserow/baserow
customerops_crm	appsmith	appsmithorg/appsmith
customerops_crm	activepieces	activepieces/activepieces
customerops_crm	mautic	mautic/mautic
osintops_search	searxng	searxng/searxng
osintops_search	trafilatura	adbar/trafilatura
osintops_search	tika	apache/tika
osintops_search	changedetection	dgtlmoon/changedetection.io
osintops_search	yente	opensanctions/yente
osintops_search	opensanctions	opensanctions/opensanctions
osintops_search	followthemoney	opensanctions/followthemoney
osintops_search	aleph	alephdata/aleph
osintops_search	splink	moj-analytical-services/splink
osintops_search	opencti	OpenCTI-Platform/opencti
osintops_search	intelowl	intelowlproject/IntelOwl
osintops_search	timesketch	google/timesketch
osintops_search	misp	MISP/MISP
osintops_search	nuclei	projectdiscovery/nuclei
osintops_search	amass	owasp-amass/amass
osintops_search	dnstwist	elceef/dnstwist
platformops_cloud	cloudstack	apache/cloudstack
platformops_cloud	opennebula	OpenNebula/one
platformops_cloud	cluster-api	kubernetes-sigs/cluster-api
platformops_cloud	baremetal-operator	metal3-io/baremetal-operator
platformops_cloud	ironic	openstack/ironic
platformops_cloud	talos	siderolabs/talos
platformops_cloud	flatcar	flatcar/Flatcar
platformops_cloud	kubeedge	kubeedge/kubeedge
platformops_cloud	karmada	karmada-io/karmada
platformops_serverless	knative-serving	knative/serving
platformops_serverless	knative-eventing	knative/eventing
platformops_serverless	openfaas	openfaas/faas
platformops_serverless	keda	kedacore/keda
platformops_serverless	volcano	volcano-sh/volcano
platformops_serverless	kueue	kubernetes-sigs/kueue
platformops_serverless	argo-workflows	argoproj/argo-workflows
platformops_serverless	tekton-pipeline	tektoncd/pipeline
platformops_serverless	dagster	dagster-io/dagster
platformops_serverless	airflow	apache/airflow
platformops_engineering	backstage	backstage/backstage
platformops_engineering	meltano	meltano/meltano
platformops_engineering	dapr	dapr/dapr
identity_supplychain	cert-manager	cert-manager/cert-manager
identity_supplychain	spire	spiffe/spire
identity_supplychain	cosign	sigstore/cosign
identity_supplychain	in-toto	in-toto/in-toto
sandbox_wasm	gvisor	google/gvisor
sandbox_wasm	kata-containers	kata-containers/kata-containers
sandbox_wasm	cloud-hypervisor	cloud-hypervisor/cloud-hypervisor
sandbox_wasm	wasmtime	bytecodealliance/wasmtime
sandbox_wasm	wasmcloud	wasmCloud/wasmCloud
sandbox_wasm	spin	fermyon/spin
network_gateway	calico	projectcalico/calico
network_gateway	istio	istio/istio
network_gateway	envoy-gateway	envoyproxy/gateway
network_gateway	traefik	traefik/traefik
network_gateway	tetragon	cilium/tetragon
data_analytics	cloudnative-pg	cloudnative-pg/cloudnative-pg
data_analytics	vitess	vitessio/vitess
data_analytics	valkey	valkey-io/valkey
data_analytics	duckdb	duckdb/duckdb
data_analytics	iceberg	apache/iceberg
data_analytics	delta-io	delta-io/delta
data_analytics	hudi	apache/hudi
data_analytics	dbt-core	dbt-labs/dbt-core
data_analytics	opensearch	opensearch-project/OpenSearch
data_analytics	meilisearch	meilisearch/meilisearch
data_analytics	typesense	typesense/typesense
data_analytics	weaviate	weaviate/weaviate
data_analytics	milvus	milvus-io/milvus
data_analytics	pgvector	pgvector/pgvector
streaming	pulsar	apache/pulsar
streaming	redpanda	RedpandaData/redpanda
streaming	materialize	MaterializeInc/materialize
streaming	risingwave	RisingWaveLabs/risingwave
metering_billing	opencost	opencost/opencost
metering_billing	openmeter	openmeterio/openmeter
metering_billing	lago	getlago/lago
metering_billing	killbill	killbill/killbill
observability2	pyroscope	grafana/pyroscope
observability2	jaeger	jaegertracing/jaeger
observability2	otel-rust	open-telemetry/opentelemetry-rust
observability2	otel-collector-contrib	open-telemetry/opentelemetry-collector-contrib
observability2	alloy	grafana/alloy
observability2	openobserve	openobserve/openobserve
observability2	sentry	getsentry/sentry
observability2	coroot	coroot/coroot
observability2	netdata	netdata/netdata
observability2	fluent-bit	fluent/fluent-bit
security_runtime	tracee	aquasecurity/tracee
edgeops	edgex-go	edgexfoundry/edgex-go
edgeops	thingsboard	thingsboard/thingsboard
edgeops	eclipse-ditto	eclipse-ditto/ditto
edgeops	eclipse-hono	eclipse-hono/hono
edgeops	ekuiper	lf-edge/ekuiper
edgeops	eclipse-kanto	eclipse-kanto/kanto
roboticsops_comm	zenoh	eclipse-zenoh/zenoh
roboticsops_comm	fast-dds	eProsima/Fast-DDS
roboticsops_comm	cyclonedds	eclipse-cyclonedds/cyclonedds
roboticsops_comm	micro-ros-setup	micro-ROS/micro_ros_setup
roboticsops_comm	ros2-control	ros-controls/ros2_control
roboticsops_slam	slam-toolbox	SteveMacenski/slam_toolbox
roboticsops_slam	autoware	AutowareFoundation/autoware_universe
roboticsops_slam	px4-autopilot	PX4/PX4-Autopilot
roboticsops_slam	ardupilot	ArduPilot/ardupilot
simulationops	mujoco	google-deepmind/mujoco
simulationops	sumo	eclipse-sumo/sumo
fleetops	opentcs	openTCS/opentcs
fleetops	traccar	traccar/traccar
industrialops	libmodbus	stephane/libmodbus
industrialops	soem	OpenEtherCATsociety/SOEM
industrialops	canopennode	CANopenNode/CANopenNode
industrialops	eclipse-tahu	eclipse-tahu/tahu
industrialops	mosquitto	eclipse-mosquitto/mosquitto
industrialops	emqx	emqx/emqx
embedded	zephyr	zephyrproject-rtos/zephyr
embedded	freertos-kernel	FreeRTOS/FreeRTOS-Kernel
building_home	openremote	openremote/openremote
building_home	home-assistant-core	home-assistant/core
building_home	openhab-core	openhab/openhab-core
building_home	bacnet-stack	bacnet-stack/bacnet-stack
building_home	xknx	XKNX/xknx
geo_routing	vroom	VROOM-Project/vroom
geo_routing	osrm-backend	Project-OSRM/osrm-backend
geo_routing	valhalla	valhalla/valhalla
geo_routing	nominatim	osm-search/Nominatim
geo_routing	opentripplanner	opentripplanner/OpenTripPlanner
geo_routing	graphhopper	graphhopper/graphhopper
geo_routing	pgrouting	pgRouting/pgrouting
geo_routing	h3	uber/h3
tradeops_logistics	openlmis-ref-distro	OpenLMIS/openlmis-ref-distro
tradeops_logistics	openboxes	openboxes/openboxes
tradeops_logistics	camel	apache/camel
tradeops_logistics	debezium	debezium/debezium
tradeops_logistics	kingfisher-collect	open-contracting/kingfisher-collect
tradeops_logistics	kingfisher-process	open-contracting/kingfisher-process
bnbops	qloapps	Qloapps/QloApps
bnbops	hoteldruid	digital-druid/hoteldruid
bnbops_forecast	darts	unit8co/darts
bnbops_forecast	prophet	facebook/prophet
bnbops_forecast	statsforecast	Nixtla/statsforecast
bnbops_forecast	neuralforecast	Nixtla/neuralforecast
bnbops_forecast	gluonts	awslabs/gluonts
guest_engagement	novu	novu/novu
guest_engagement	formbricks	formbricks/formbricks
guest_engagement	cal-com	calcom/cal.com
ecops_commerce	saleor	saleor/saleor
ecops_commerce	vendure	vendure-ecommerce/vendure
ecops_commerce	spree	spree/spree
ecops_commerce	solidus	solidusio/solidus
ecops_commerce	sylius	Sylius/Sylius
ecops_commerce	bagisto	bagisto/bagisto
ecops_pim	akeneo-pim	akeneo/pim-community-dev
ecops_pim	pimcore	pimcore/pimcore
ecops_experiment	growthbook	growthbook/growthbook
ecops_experiment	unleash	Unleash/unleash
ecops_experiment	rudder-server	rudderlabs/rudder-server
finops_ledger	beancount	beancount/beancount
finops_ledger	hledger	hledger/hledger
finops_ledger	ledger	ledger/ledger
bankingops	mojaloop	mojaloop/mojaloop
bankingops	obp-api	OpenBankProject/OBP-API
tradingops	quickfix	quickfix/quickfix
tradingops	lean	QuantConnect/Lean
tradingops	nautilus-trader	nautechsystems/nautilus_trader
tradingops	hummingbot	hummingbot/hummingbot
tradingops	freqtrade	freqtrade/freqtrade
tradingops	vnpy	vnpy/vnpy
legalops	openfisca-core	openfisca/openfisca-core
legalops	docassemble	docassemble/docassemble
legalops_caselaw	courtlistener	freelawproject/courtlistener
legalops_caselaw	juriscraper	freelawproject/juriscraper
legalops_caselaw	eyecite	freelawproject/eyecite
legalops_caselaw	lexpredict-lexnlp	LexPredict/lexpredict-lexnlp
document_ocr	presidio	microsoft/presidio
document_ocr	ocrmypdf	OCRmyPDF/OCRmyPDF
document_ocr	tesseract	tesseract-ocr/tesseract
estateops_geo	maplibre-gl-js	maplibre/maplibre-gl-js
estateops_geo	martin	maplibre/martin
estateops_geo	postgis	postgis/postgis
estateops_geo	qgis	qgis/QGIS
estateops_geo	geoserver	geoserver/geoserver
ai_workforce_agent	openhands	All-Hands-AI/OpenHands
ai_workforce_agent	swe-agent	SWE-agent/SWE-agent
ai_workforce_agent	autogen	microsoft/autogen
ai_workforce_agent	semantic-kernel	microsoft/semantic-kernel
ai_workforce_agent	pydantic-ai	pydantic/pydantic-ai
ai_workforce_agent	smolagents	huggingface/smolagents
ai_workforce_agent	crewai	crewAIInc/crewAI
ai_memory_rag	letta	letta-ai/letta
ai_memory_rag	mem0	mem0ai/mem0
ai_memory_rag	llama-index	run-llama/llama_index
ai_memory_rag	haystack	deepset-ai/haystack
ai_model_serving	bentoml	bentoml/BentoML
ai_model_serving	triton-server	triton-inference-server/server
ai_model_serving	seldon-core	seldonio/seldon-core
ai_model_serving	e2b	e2b-dev/E2B
ai_model_serving	dagger	dagger/dagger
ai_model_serving	ollama	ollama/ollama
ai_model_serving	text-generation-inference	huggingface/text-generation-inference
ai_model_serving	transformers	huggingface/transformers
